<?xml version="1.0" encoding="utf-8" ?><dwsync><file name="Roboto-Thin.eot" server="Macintosh HD/Applications/XAMPP/xamppfiles/htdocs" local="3542436142" remote="3542436142" Dst="-1" /><file name="Roboto-Thin.woff2" server="Macintosh HD/Applications/XAMPP/xamppfiles/htdocs" local="3542436142" remote="3542436142" Dst="-1" /><file name="Roboto-Thin.woff" server="Macintosh HD/Applications/XAMPP/xamppfiles/htdocs" local="3542436142" remote="3542436142" Dst="-1" /><file name="Roboto-Thin.ttf" server="Macintosh HD/Applications/XAMPP/xamppfiles/htdocs" local="3542436142" remote="3542436142" Dst="-1" /><file name="Roboto-Light.eot" server="Macintosh HD/Applications/XAMPP/xamppfiles/htdocs" local="3542436142" remote="3542436142" Dst="-1" /><file name="Roboto-Light.woff2" server="Macintosh HD/Applications/XAMPP/xamppfiles/htdocs" local="3542436142" remote="3542436142" Dst="-1" /><file name="Roboto-Light.woff" server="Macintosh HD/Applications/XAMPP/xamppfiles/htdocs" local="3542436142" remote="3542436142" Dst="-1" /><file name="Roboto-Light.ttf" server="Macintosh HD/Applications/XAMPP/xamppfiles/htdocs" local="3542436142" remote="3542436142" Dst="-1" /><file name="Roboto-Regular.eot" server="Macintosh HD/Applications/XAMPP/xamppfiles/htdocs" local="3542436142" remote="3542436142" Dst="-1" /><file name="Roboto-Regular.woff2" server="Macintosh HD/Applications/XAMPP/xamppfiles/htdocs" local="3542436142" remote="3542436142" Dst="-1" /><file name="Roboto-Regular.woff" server="Macintosh HD/Applications/XAMPP/xamppfiles/htdocs" local="3542436142" remote="3542436142" Dst="-1" /><file name="Roboto-Regular.ttf" server="Macintosh HD/Applications/XAMPP/xamppfiles/htdocs" local="3542436142" remote="3542436142" Dst="-1" /><file name="Roboto-Medium.eot" server="Macintosh HD/Applications/XAMPP/xamppfiles/htdocs" local="3542436142" remote="3542436142" Dst="-1" /><file name="Roboto-Medium.woff2" server="Macintosh HD/Applications/XAMPP/xamppfiles/htdocs" local="3542436142" remote="3542436142" Dst="-1" /><file name="Roboto-Medium.woff" server="Macintosh HD/Applications/XAMPP/xamppfiles/htdocs" local="3542436142" remote="3542436142" Dst="-1" /><file name="Roboto-Medium.ttf" server="Macintosh HD/Applications/XAMPP/xamppfiles/htdocs" local="3542436142" remote="3542436142" Dst="-1" /><file name="Roboto-Bold.eot" server="Macintosh HD/Applications/XAMPP/xamppfiles/htdocs" local="3542436142" remote="3542436142" Dst="-1" /><file name="Roboto-Bold.woff2" server="Macintosh HD/Applications/XAMPP/xamppfiles/htdocs" local="3542436142" remote="3542436142" Dst="-1" /><file name="Roboto-Bold.woff" server="Macintosh HD/Applications/XAMPP/xamppfiles/htdocs" local="3542436142" remote="3542436142" Dst="-1" /><file name="Roboto-Bold.ttf" server="Macintosh HD/Applications/XAMPP/xamppfiles/htdocs" local="3542436142" remote="3542436142" Dst="-1" /></dwsync>